Cluster,Cycle day,"Period (0-no, 1-yes)","Bleeding (0-no bleeding, 4-heaviest bleeding)","General emotional condition (1-bad, 10-amazing)","General physical condition (1-bad, 10-amazing)","Type of stool (0-no stool, 7-bowel blockage)"
0,15.904648390941597,0.0059594755661501785,0.06555423122765197,7.147794994040525,7.146603098927295,3.474374255065554
1,19.718032786885246,0.0,0.31475409836065577,4.573770491803279,4.406557377049181,2.380327868852459
2,3.7365269461077846,1.0,1.970059880239521,5.8053892215568865,5.377245508982036,3.095808383233533
