Cluster,0,1,2
0,0.8703481392557023,0.08883553421368548,0.04081632653061224
1,0.20394736842105263,0.7039473684210527,0.09210526315789473
2,0.15454545454545454,0.051515151515151514,0.793939393939394
